{"geometry_root":{"aabb_automatically_calculated":1,"bounded":1,"children":[{"aabb_automatically_calculated":1,"bounded":1,"dynamic_aabb":{"max":{"0":4.013199806213379,"1":2.63319993019104,"2":1.13919997215271},"min":{"0":1.734800100326538,"1":0.3547999858856201,"2":-1.13919997215271}},"material":"default_material","name":"sphere","native_aabb":{"max":{"0":1.13919997215271,"1":1.13919997215271,"2":1.13919997215271},"min":{"0":-1.13919997215271,"1":-1.13919997215271,"2":-1.13919997215271}},"orientation":{"0":0.0,"1":0.0,"2":0.0,"3":1.0},"origin":{"0":0.0,"1":0.0,"2":0.0},"pcf":{"is_prototype":1,"name":"unionPCF"},"position":{"0":2.874000072479248,"1":1.49399995803833,"2":0.0},"scale":{"0":1.0,"1":1.0,"2":1.0},"sdf":{"is_prototype":1,"name":"sphereSDF"},"type_id":3864607789},{"aabb_automatically_calculated":1,"bounded":1,"dynamic_aabb":{"max":{"0":1.13919997215271,"1":1.13919997215271,"2":1.13919997215271},"min":{"0":-1.13919997215271,"1":-1.13919997215271,"2":-1.13919997215271}},"material":"default_material","name":"sphere","native_aabb":{"max":{"0":1.13919997215271,"1":1.13919997215271,"2":1.13919997215271},"min":{"0":-1.13919997215271,"1":-1.13919997215271,"2":-1.13919997215271}},"orientation":{"0":0.0,"1":0.0,"2":0.0,"3":1.0},"origin":{"0":0.0,"1":0.0,"2":0.0},"pcf":{"is_prototype":1,"name":"unionPCF"},"position":{"0":0.0,"1":0.0,"2":0.0},"scale":{"0":1.0,"1":1.0,"2":1.0},"sdf":{"is_prototype":1,"name":"sphereSDF"},"type_id":3864607789}],"dynamic_aabb":{"max":{"0":0.0,"1":0.0,"2":0.0},"min":{"0":0.0,"1":0.0,"2":0.0}},"name":"scene_root","native_aabb":{"max":{"0":0.0,"1":0.0,"2":0.0},"min":{"0":0.0,"1":0.0,"2":0.0}},"orientation":{"0":0.0,"1":0.0,"2":0.0,"3":1.0},"origin":{"0":0.0,"1":0.0,"2":0.0},"position":{"0":0.0,"1":0.0,"2":0.0},"scale":{"0":1.0,"1":1.0,"2":1.0},"type_id":3864607789},"lights":[{"att_angle":{"0":-4.371138828673793e-08,"1":-4.371138828673793e-08},"att_distance":{"0":0.0,"1":1.0},"enabled":1,"forward":{"0":0.0,"1":0.6946583986282349,"2":0.7193397283554077,"3":0.0},"intensity":{"0":1.0,"1":1.0,"2":1.0,"3":1.0},"light_type":0,"name":"point light","position":{"0":0.0,"1":1.555999994277954,"2":0.0,"3":0.0},"shadow_enabled":0,"shadow_factor":1.0,"type_id":1034303500}],"lights_count":1,"name":"default_scene2"}