{"geometry_root":{"aabb_automatically_calculated":1,"bounded":1,"children":[{"aabb_automatically_calculated":1,"bounded":1,"children":[{"aabb_automatically_calculated":1,"bounded":1,"dynamic_aabb":{"max":{"0":1.13919997215271,"1":1.13919997215271,"2":1.13919997215271},"min":{"0":-1.13919997215271,"1":-1.13919997215271,"2":-1.13919997215271}},"material":"default_material","name":"sphere","native_aabb":{"max":{"0":1.13919997215271,"1":1.13919997215271,"2":1.13919997215271},"min":{"0":-1.13919997215271,"1":-1.13919997215271,"2":-1.13919997215271}},"orientation":{"0":0.0,"1":0.0,"2":0.0,"3":1.0},"origin":{"0":0.0,"1":0.0,"2":0.0},"pcf":{"is_prototype":1,"name":"unionPCF"},"position":{"0":0.0,"1":0.0,"2":0.0},"scale":{"0":1.0,"1":1.0,"2":1.0},"sdf":{"is_prototype":1,"name":"boxSDF"},"type_id":3864607789},{"aabb_automatically_calculated":1,"bounded":1,"dynamic_aabb":{"max":{"0":1.3184000253677368,"1":1.3184000253677368,"2":1.0914000272750854},"min":{"0":-1.3184000253677368,"1":-1.3184000253677368,"2":-1.5454000234603882}},"material":"default_material","name":"sphere","native_aabb":{"max":{"0":1.3184000253677368,"1":1.3184000253677368,"2":1.3184000253677368},"min":{"0":-1.3184000253677368,"1":-1.3184000253677368,"2":-1.3184000253677368}},"odfs":[{"is_prototype":1,"name":"displace_sin"}],"orientation":{"0":0.0,"1":0.0,"2":0.0,"3":1.0},"origin":{"0":0.0,"1":0.0,"2":0.0},"pcf":{"is_prototype":1,"name":"unionPCF"},"position":{"0":0.0,"1":0.0,"2":-0.22699999809265137},"scale":{"0":1.0,"1":1.0,"2":1.0},"sdf":{"is_prototype":1,"name":"sphereSDF"},"type_id":3864607789}],"dynamic_aabb":{"max":{"0":1.13919997215271,"1":1.13919997215271,"2":1.13919997215271},"min":{"0":-1.13919997215271,"1":-1.13919997215271,"2":-1.13919997215271}},"material":"default_material","name":"sphere","native_aabb":{"max":{"0":1.13919997215271,"1":1.13919997215271,"2":1.13919997215271},"min":{"0":-1.13919997215271,"1":-1.13919997215271,"2":-1.13919997215271}},"orientation":{"0":0.0,"1":0.0,"2":0.0,"3":1.0},"origin":{"0":0.0,"1":0.0,"2":0.0},"pcf":{"is_prototype":1,"name":"subtractionPCF"},"position":{"0":0.0,"1":0.0,"2":0.0},"scale":{"0":1.0,"1":1.0,"2":1.0},"sdf":{"is_prototype":1,"name":"sphereSDF"},"type_id":3864607789}],"dynamic_aabb":{"max":{"0":0,"1":0,"2":0},"min":{"0":0,"1":0,"2":0}},"name":"scene_root","native_aabb":{"max":{"0":0,"1":0,"2":0},"min":{"0":0,"1":0,"2":0}},"orientation":{"0":0.0,"1":0.0,"2":0.0,"3":1.0},"origin":{"0":0.0,"1":0.0,"2":0.0},"position":{"0":0.0,"1":0.0,"2":0.0},"scale":{"0":1.0,"1":1.0,"2":1.0},"type_id":3864607789},"lights":[{"att_angle":{"0":-4.371138828673793e-08,"1":-4.371138828673793e-08},"att_distance":{"0":0.0,"1":1.0},"enabled":1,"forward":{"0":0.0,"1":0.0,"2":1.0,"3":0.0},"intensity":{"0":1.0,"1":1.0,"2":1.0,"3":1.0},"light_type":2,"name":"point light","position":{"0":0.0,"1":2.0,"2":-2.8889999389648438,"3":0.0},"shadow_enabled":1,"shadow_factor":1.0,"type_id":1034303500}],"lights_count":1,"name":"default_scene"}
